<?xml version="1.0" encoding="UTF-8"?>
<?xml-stylesheet type="text/css" href="catalog_18030061.css"?>
<Shop xmlns:xsi="http://www.w3.org/2001/XMLSchema-instance" 
xsi:noNamespaceSchemaLocation="catalog_18030061.xsd">

    <logo></logo>
    <ShopName>Wheelers Nepal</ShopName>   
    <address>Kathmandu Ringroad</address>
    <contact>01-223232 | 01-324523</contact>
    <URL>www.wheelersnepal.com</URL>
<category>
    <item id="D1">
        <Hatchsuzuki id='A1'></Hatchsuzuki>
        <car id='C1'>
                <Brand>Brand Name:- Suzuki</Brand>
                <Model> Model:- Baleno</Model>
                <Milage>Milage:- 30 km/litre</Milage>
                <Make>Make Year:- 2015 </Make>
                <Type>Car Type:- Fuel</Type>
                <Dimension>Dimension:- (3995x1745x1510)mm</Dimension>
                <Price>Price:- Rs. 35,50,0000</Price>  
        </car>
    </item>

    <item id="D2">
        <HatchHyundai id='A2'></HatchHyundai>
        <car id="C2">
                <Brand>Brand Name:- Hyundai</Brand>
                <Model> Model:- Grand i10</Model>
                <Milage>Milage:- 35 km/litre</Milage>
                <Type>Car Type:- Fuel</Type>
                <Color>Color:- Light Blue</Color>
                <Dimension>Dimension:- (3585x1595x2380)mm</Dimension>
                <Clearance>Clearance:- 5.4 inches</Clearance>
                <Price>Price:- Rs. 33,00,000</Price>  
        </car>
    </item>

    <item id="D3">
        <HatchRenault id='A3' ></HatchRenault>
        <car id='C3'>
            <Brand>Brand Name:- Renault</Brand>
            <Model> Model:- Kwid</Model>
            <Milage>Milage:- 25 km/litre</Milage>
            <Make>Make Year:- 2015 </Make>
            <Type>Car Type:- Fuel</Type>
            <Clearance>Clearance:- 6.4 inches</Clearance>
            <Price>Price:- Rs. 21,00,000</Price>  
        </car>
    </item>

    <item id="D4">
        <HatchElectric id='A4'></HatchElectric>
        <car id='C4'>
            <Brand>Brand Name:- Hyundai</Brand>
            <Model> Model:- Kona</Model>
            <Milage>Milage:- 452 km</Milage>
            <Type>Car Type:- Electric</Type>
            <Color>Color:- Navy Blue</Color>
            <Dimension>Dimension:- (4180x1800x1570)mm</Dimension>
            <Price>Price:-Rs. 51,96,000</Price>  
        </car>
    </item>

    <Framework id='M5'>
        <Hatchback id='H5'>
            <Modelname>HATCHBACK</Modelname>
            <Brandname>Available Brands:- Hyundai | Suzuki | Renault</Brandname>
            <itemnumber>Item no:- 4</itemnumber>
            <Description>Description:- A Hatchback is a car with a Hatch-type rear door that opens upwards and often a shared volume for the passenger and cargo areas. 
            The modern form of the Hatchback body style was developed through the 1960s and rose in popularity through the 1970s.</Description>
            <Quantity>Available Quantity:- 5</Quantity>
            <Price>Range:- Rs. 20,00,000 - Rs. 52,00,000</Price>
        </Hatchback>
    </Framework>
    </category>
  
    <category>
    <item id="D6">
        <SedanHonda id='A5'></SedanHonda>
        <car id='C6'>
            <Brand>Brand Name:- Honda</Brand>
            <Model> Model:- City</Model>
            <Milage>Milage:- 17.4 km/litre</Milage>
            <Make>Make Year:- 1981 </Make>
            <Type>Car Type:- Fuel</Type>
            <Clearance>Clearance:- 6.7 inches</Clearance>
            <Price>Price:- Rs. 50,90,0000</Price>  
        </car>
    </item>

    <item id="D7">
        <SedanNissan id='A6'></SedanNissan>
        <car id="C7">
            <Brand>Brand Name:- Nissan</Brand>
            <Model> Model:- Sunny</Model>
            <Milage>Milage:- 17.4 km/litre</Milage>
            <Color>Color:- Mettalic Brown</Color>
            <Make>Make Year:- 2011 </Make>
            <Type>Car Type:- Fuel</Type>
            <Dimension>Dimension:- (4455x1695x1515)mm</Dimension>
            <Price>Price:- Rs. 40,99,000</Price>  
        </car>
    </item>

    <item id="D8">
        <SedanAudi id='A7'></SedanAudi>
        <car id='C8'>
            <Brand>Brand Name:- Audi</Brand>
            <Model> Model:- A4</Model>
            <Milage>Milage:- 18.25 km/litre</Milage>
            <Make>Make Year:- 1995 </Make>
            <Type>Car Type:- Fuel</Type>
            <Color>Color:- Sky Blue</Color>
            <Price>Price:- Rs. 47,80,000</Price>  
        </car>
    </item>

    <item id="D9">
        <SedanTesla id='A8'></SedanTesla>
        <car id='C9'>
            <Brand>Brand Name:- Tesla</Brand>
            <Model> Model:- S</Model>
            <Milage>Milage:- 390 km</Milage>
            <Type>Car Type:- Electric</Type>
            <Clearance>Clearance:- 4.2 inches</Clearance>
            <Dimension>Dimension:- (4978x2189x2959)mm</Dimension>
            <Price>Price:-Rs. 78,000,000</Price>  
        </car>
    </item>

    <Framework id='M10'>
        <Sedan id='H10'>
            <Modelname>SEDAN</Modelname>
            <Brandname>Available Brands:- Nissan | Tesla | Honda | Audi</Brandname>
            <Description>Description:- Sedan is a car with a closed body (i.e. a fixed metal roof) with the engine, passengers, and cargo in separate compartments, a less steeply sloping roofline than a coupé which results in increased headroom for rear passenger and a less sporting appearance.</Description>
            <Quantity>Available Quantity:- 2</Quantity>
            <Price>Range:- Rs. 40,00,000 - Rs. 78,000,000</Price>
        </Sedan>
    </Framework>
    </category>

    <category>
    <item id="D11">
        <SUVJaguar id='A9'></SUVJaguar>
        <car id='C11'>
            <Brand>Brand Name:- Jaguar</Brand>
            <Model> Model:- F-Pace</Model>
            <Milage>Milage:- 16.38 km/litre</Milage>
            <Make>Make Year:- 2015 </Make>
            <Type>Car Type:- Fuel</Type>
            <Color>Color:- Red</Color>
            <Clearance>Clearance:- 8.3 inches</Clearance>
            <Dimension>Dimension:- (4731x1936x1651)mm</Dimension>
            <Price>Price:- Rs. 8,000,000</Price>  
        </car>
    </item>

    <item id="D12">
        <SUVlandrover id='A10'></SUVlandrover>
        <car id="C12">
            <Brand>Brand Name:- Land Rover</Brand>
            <Model> Model:- Discover Sport</Model>
            <Milage>Milage:- 18 km/litre</Milage>
            <Make>Make Year:- 2019 </Make>
            <Type>Car Type:- Fuel</Type>
            <Dimension>Dimension:- (4988x2220x1846)mm</Dimension>
            <Price>Price:- Rs. 20,300,000</Price>  
        </car>
    </item>

    <item id="D13">
        <SUVPorsche id='A11'></SUVPorsche>
        <car id='C13'>
            <Brand>Brand Name:- Porsche</Brand>
            <Model> Model:- Cayenne</Model>
            <Milage>Milage:- 12.15 km/litre</Milage>
            <Type>Car Type:- Hybrid</Type>
            <Color>Color:- Metallic Silver</Color>
            <Clearance>Clearance:- 8.8 inches </Clearance>
            <Dimension>Dimension:- (4918x1983x1696)mm</Dimension>
            <Price>Price:- Rs. 84,000,000</Price>  
        </car>
    </item>

    <item id="D14">
        <SUVAudi id='A12'></SUVAudi>
        <car id='C14'>
            <Brand>Brand Name:- Audi</Brand>
            <Model> Model:- e-tron</Model>
            <Milage>Milage:- 204 km</Milage>
            <Make>Make Year:- 2018 </Make>
            <Type>Car Type:- Electric</Type>
            <Color>Color:- Blue</Color>
            <Clearance>Clearance:- 9.8 inches </Clearance>
            <Price>Price:-Rs. 80,000,000</Price> 
        </car>
    </item>

    <Framework id='M15'>
        <SUV id='H15'>
            <Modelname>SUV</Modelname>
            <Brandname>Available Brands:- Land Rover | Jaguar | Porsche | Audi</Brandname>
            <itemnumber>Item no:- 4</itemnumber>
            <Description>Description:- Sport utility vehicle (SUV) is a category of motor vehicles that combine elements of road-going passenger cars with features from off-road vehicles, such as raised ground clearance and four-wheel drive. There is no commonly agreed definition of an SUV, and usage varies between countries.</Description>
            <Quantity>Available Quantity:- 6</Quantity>
            <Price>Range:- Rs. 80,00,000 - Rs. 85,000,000</Price>
        </SUV>
    </Framework>
    </category>
</Shop>
